filename,bugis,indonesia
1.wav,makenni maneng mopa manu'ku,semua ayam saya masih kecil
2.wav,winda iya' aseng ku,Nama saya Winda
3.wav,akki no pasa'e melli sapatu,kamu beli sepatu di pasar saja
4.wav,egana tu agagang mu ta'tale,banyaknya barangmu yang berserakan
5.wav,engka maneng akkaleng ta',kita semua memiliki akal
6.wav,jokka ko mala wae akki bungnge ,kamu pergi ambil air di sumur
7.wav,aja' mu ala anunna tau langinge,jangan mengambil milik orang lain
8.wav,aja' mu salai onrong mu,jangan tinggalkan tempatmu
9.wav,mannasu kaju ki ga?,apakah kamu memasak sayur?
10.wav,engka siaga bola na?,ada berapa rumahnya?
11.wav,tennapodo de'to nakenna ki abala,semoga kita tidak terkena celaka
12.wav,kega onrong penne mu?,dimana tempat piringmu?  
13.wav,matoakku maberang ero penne we,mertuaku yang memberikan piring itu
14.wav,penno ni wae ba' e,air di bak sudah penuh
15.wav,aleng ka baki akki dapo'e,ambilkan saya baki di dapur
16.wav,angerang i bissai pammuttue narekko purani mupake,ingat cuci wajannya jika telah kamu gunakan
17.wav,maeloka mitai mebbu beppa,saya ingin melihatnya membuat kue
18.wav,aleng ka ero sanggang e,berikan saya baskom itu
19.wav,reppa'i ero palese we,toples itu pecah
20.wav,esso aga baja?,besok hari apa?
21.wav,jokka mallaleng bawang ni,kita pergi jalan kaki saja
22.wav,siaga ellinna ero bo' e,berapa harga buku itu
23.wav,deppa umaelo botting,saya belum siap menikah
24.wav,de' mu poji jokka,kamu tidak suka jalan
25.wav,maelo ko jokka sibawa Wika,kamu mau pergi bersama wika
26.wav,upoji minung kopi pella,saya suka minum kopi panas
27.wav,ebbureng ka wae pella,tolong buatkan air panas
28.wav,macekke' ladde hawa na akki kamara' mu,suhu di kamar mu sangat dingin
29.wav,aja' mu tuli massasa,jangan kalian selalu bertengkar
30.wav,mappangewang i wika sibawa silessureng na,wika berdebat dengan saudaranya
31.wav,macai arjun nasaba de ilorengi nange,arjun marah karena tidak dibolehkan berenang
32.wav,mattello ni manu ku,ayamku sudah bertelur
33.wav,tennang pappeneddingku nasaba wisseng ni kareba na,perasaanku tenang karena telah mengetahui kabarnya
34.wav,nappanna mette' i,tumben dia bicara
35.wav,alekka dua kadera,berikan aku dua kursi
36.wav,punna ko lemari baru,kamu punya lemari baru
37.wav,melli ka sulara wenni akki juppandang,kemarin saya beli celana di makassar
38.wav,sabbe masoli uwelingeng beneku,saya membelikan istri saya sutera mahal
39.wav,marroki akki bo'e,menulis di buku
40.wav,pake bawang ni potolo' ku,pakai saja pensilku
41.wav,polo ni potolo' ku,pensilku sudah patah
42.wav,yolo ka matindro,saya tidur duluan
43.wav,aja muallupai mandre wenni,jangan lupa makan malam
44.wav,makkukue maega ni pake bedda lotong,sekarang banyak yang menggunakan bedak hitam
45.wav,makanja balo na ero lipa'e,warna sarung itu bagus
46.wav,mapute ladde oli'mu,kulitmu putih sekali
47.wav,pettu sandala ku nasaba iko,sandalku putus karena kamu
48.wav,wedding ka ga melli otti?,apakah saya boleh beli pisang?
49.wav,ellingeng ka kaju na bale,belikan saya sayur dan ikan
50.wav,mitauka jokka dare'e cilaleku,saya takut pergi ke kebun seorang diri
51.wav,na poji ladde balo cella'e,dia sangat suka warna merah
52.wav,maelo ni cappu berre' ku,berasku sudah mau habis
53.wav,pake ki labbu' pulu,kita memakai tepung ketan
54.wav,malabbu ladde ii ro' mu,rok milikmu sangat panjang
55.wav,tennapodo malampe' sunge ta,semoga anda panjang umur
56.wav,engka ga passerring mu?,apakah kamu punya sapu?
57.wav,niga tiwi sinru' kaju?,siapa yang membawa sendok sayur?
58.wav,fulan pabbalu panteng,fulan penjual ember
59.wav,macukka ladde pao na,mangganya sangat asam
60.wav,sammanna makurang pejje,rasanya ini kurang garam
61.wav,maega ladde golla na,gulanya banyak sekali
62.wav,macenning ladde iye we,ini sangat manis
63.wav,engka beppa akki laleng na ero palese we,ada kue di dalam toples itu
64.wav,de' wulle marroki narekko de' gaga mejang,saya tidak bisa menulis jika tidak ada meja
65.wav,maega ladde botolo boloto pelastik,banyak sekali botol - botol plastik
66.wav,balibolaku poji boto',tetanggaku suka judi
67.wav,malampe ladde kanukummu,kukumu panjang sekali
68.wav,parellu ka wae kaluku,saya butuh air kelapa
69.wav,maegana mandike' mu. maelo ko balu i?,"banyak sekali semangka mu, kamu mau menjualnya?"
70.wav,magi na boro timu mu?,kenapa mulutmu bengkak?
71.wav,"penya inge' na, pada nene na",hidungnya pesek seperti neneknya
72.wav,degga batu mata na,dia tidak punya bola mata
73.wav,mappada ko si sambung anning na,alisnya seperti bersambung
74.wav,engka ga dauccoli mu?,apakah kamu punya telinga?
75.wav,mangu nasu-nasu na nasaba masua ladde api na,masakannya hagus karena apinya sangat besar
76.wav,bakko biasanna napoji makkundrai e,merah muda biasanya disukai oleh perempuan
77.wav,alindro na malebba ladde,jidatnya sangat lebar
78.wav,macella' pili na nasaba ileppa',pipinya merah karena ditampar
79.wav,manengka maddara lima mu?,kenapa tanganmu berdarah
80.wav,mapeddi bitiku nataro lari,betisku sakit karena berlari
81.wav,dua pale lima ta,telapak tangan kita ada dua
82.wav,maponco karame na,jari-jarinya pendek
83.wav,"narekko engka tau mabberang dallena akki idi, aja tallupai ma'tarima kasih","jika ada orang yang memberikan rejekinya, jangan lupa berterima kasih"
84.wav,de'uteddu ko nasaba memme' ladde tindro mu uwita,"saya tidak membangunkan kamu, karena saya lihat tidurmu nyenyak sekali"
85.wav,yero banna mualengka,itu saja yang kamu berikan ke saya
86.wav,ta'buttu sikku ku akki tange'e,sikuku terbentur dipintu
87.wav,manengka boro uttumu?,kenapa lututmu bengkak?
88.wav,malekko ajena nasaba buang i,kakinya keseleo karena jatuh
89.wav,mapeddi isi na nasaba mandre golla-golla,dia sakit gigi karena makan permen
90.wav,matanrang buku-buku na nasaba madoko i,tulang-tulangnya kentara karena dia kurus
91.wav,nateppe i welua na iwenni,dia memotong rambutnya kemarin
92.wav,makate' ellongku natoa namo',leherku gatal digigit nyamuk
93.wav,syifa na poji ladde makkelong elong ogi,syifa sangat suka menyanyi lagu bugis
94.wav,taro ero bangkung e akki panteng e,simpan parang itu diember
95.wav,tareng na piso mu,tajamnya pisaumu
96.wav,masolang ni pattongko' oring ku,penutup panciku sudah rusak
97.wav,sulvi punnai lima anri,sulvi punya lima adik
98.wav,pamate ni lampu e,tolong matikan lampunya
99.wav,aja mu tuli noko'i anrimmu,jangan selalu memarahi adikmu
100.wav,de'gaga wedding waberang akki iko,tidak ada yang bisa saya berikan kepadamu
101.wav,magoro iye tanae,tanah ini berlubang
102.wav,dua angkalungung waberang,dua bantal kuberikan
103.wav,de wullei matindro narekko degaga sulappe,saya tidak bisa tidur jika tidak ada guling
104.wav,makanja iye kasoro e i onro i liu,kasur ini bagus ditempati baring
105.wav,anto pakebbu na pabalu ranjang,anto pembuat dan penjual tempat tidur
106.wav,maeloka magaregge aju jati,saya mau menggeregaji kayu jati
107.wav,jokka ki ma tebbang awo,kita pergi menebang bambu
108.wav,purani i paccingi dapo'na iwenni,kemarin dapurnya sudah dibersihkan
109.wav,aja muallupai tiwi kandao lao sikolae,jangan lupa besok bawa sabit ke sekolah
110.wav,sappiseng ku ma bengkung akki dare',sepupuku mencangkul di kebun
111.wav,maelo ka minreng soddang ta,saya ingin meminjam linggis anda
112.wav,maloang maneng galung nappunnai Winda,sawah yang dimiliki winda semuanya luas
113.wav,punnai ka dua dare' duriang,saya punya 2 kebun durian
114.wav,jaya melli racung balao,jaya membeli racun tikus
115.wav,masolang ase we nataro balawo,padinya rusak karena tikus
116.wav,"mai, iya pa' paru' ero kaluku e",sini biar saya yang memarut kelapa itu
117.wav,makelle ni daung na,daunnya sudah layu
118.wav,"pake sandalamu, nasaba maega ladde batu-batu","pakai sandalmu, karena sangat banyak batu"
119.wav,mai to jokka mattunu barelle,ayo kita pergi bakar jagung
120.wav,ma'dupa rupa tu ero lemoe,jeruk memiliki banyak jenis
121.wav,makanja maneng tuo na sompuku,pertumbuhan bayamku bagus semua
122.wav,Cica de' napoji mandre kaju lare',cica tidak suka makan sayur kangkung
123.wav,ebbureng ka bubu bue,buatkan saya bubur kacang ijo
124.wav,nene ku mattaneng canggoreng akki yolo bola na,nenek ku menanam kacang tanah di depan rumahnya
125.wav,maega taneng lambe-lambe sideppe bolaku,banyak tanaman kacang pancang didekat rumahku
126.wav,mapeddi babuaku nasaba maega ladde u anre,perut saya sakit karena makan banyak sekali
127.wav,manengka maloppo babua na?,kenapa perutnya besar?
128.wav,aro lipa' mu ala,itu sarung kamu ambil
129.wav,"narekko pura no mannasu, jokka ko leppi' ero care-care we","jika kamu selesai memasak, pergilah lipat pakaian itu"
130.wav,sikenakeng ladde ero geno akki iko,kalung itu sangat cocok denganmu
131.wav,tennia ulaweng potto na,gelangnya bukan emas
132.wav,tega i ciccing mu,mana cincinmu
133.wav,de' na pake giwang,tidak memakai anting-anting
134.wav,na sellei tange' bola na,dia mengganti pintu rumahnya
135.wav,akaritutu ko mendre akki addengeng e,hati-hati saat naik di tangga
136.wav,tennapodo marga dui'ku,semoga uang saya banyak
137.wav,engka tu nanre akki tengka'-tengka',ada nasi di rantang
138.wav,"na poji mapesse we, nampai melli wi ladang","dia suka pedas, makanya dia beli cabe"
139.wav,pake ero tulu'e untu masio karung,gunakan tali itu untuk mengikat karung
140.wav,leppe' i passio na,pengikatnya lepas
141.wav,lima tedong na piara fina,fina memelihara lima kerbau
142.wav,lima bembe na gere untuk acara na,dia memotong lima ekor kambing untuk acaranya
143.wav,masoli elli na sapi e,sekarang harga sapi mahal
144.wav,"teddeng posaku, nulle nadreni ula'","kucingku hilang, mungkin sudah dimakan ular"
145.wav,"akkaritutu ko, maega tu asu akkie","kamu hati-hati, disini banyak anjing"
146.wav,de' iya umanre bawi,saya tidak makan babi
147.wav,maega ladde balawo akkie,banyak sekali tikus disini
148.wav,makanja balo na manu-manu na,warna burungnya bagus
149.wav,wettu pa'bosing i makkukue,saat ini musim hujan
150.wav,iwenni marellung tuut,kemarin mendung terus
151.wav,iko matu' labe mondri' banno,kamu nanti lewat belakang saja
152.wav,engkai yoloku,dia berada di depanku
153.wav,akki ni bendreng bolaku maccule,mainnya di samping rumah ku saja
154.wav,siesso iye de'nengka na mompo mata  esso e,"seharian ini, matahari tidak pernah muncul"
155.wav,"anre no jolo, nappa tu lisu",kamu makan dulu baru kita pulang
156.wav,lima abiona na pake marruki,tangan kirinya yang dia gunakan menulis
157.wav,mangolo alau' ero bolae,rumah itu menghadap ke timur
158.wav,mangolo orai' ki massempajang,kita menghadap kebarat untu solat
159.wav,macinna ka manre kaluku lolo sedding,sepertinya saya ingin makan kelapa muda
160.wav,magi mu cia manre kaju?,kenapa kamu tidak mau makan sayur?
161.wav,maega lale' akki onrong roppo,sangat banyak lalat di tempat sampah
162.wav,engka pella-pella mattama akki laleng bola,ada kupu-kupu yang masuk ke dalam rumah
163.wav,manasu ni bale we,ikannya sudak masak/matang
164.wav,macca cica mannasu manu,cica pintar memasak ayam
165.wav,u poji mebbu bette lame,saya suka membuat ubi goreng
166.wav,jokka mellingeng ka bunduru,pergi belikan saya sikat gigi
167.wav,"tengeng ga narekko itudangi angkalungung e, nakenna ki matu lettangeng?","apakah betul jika kita menduduki bantal, kita akan terkena bisulan?"
168.wav,siaga elling na lambace'e sikilo,berapa harga satu kilo tomat
169.wav,lapa ero lasuna e,iris bawang itu
170.wav,elli ko pelleng akki aji ani,tolong pergi beli kemiri di hj ani
171.wav,ajana mu tambangeng burica,tidak perlu tambahkan merica
172.wav,engka pao mu?,kamu punya mangga
173.wav,mandre ko kaliki bara messo ko,makan pepaya agar kamu kenyang
174.wav,aja mupoji polo-polo adidie,jangan suka mematahkan lidi
175.wav,maega ni serri na dare'ku,kebunku sudah dipenuhi rumput
176.wav,maelo ka balu i tana ku,saya ingin menjual tanah saya
177.wav,maelo ka jokka millau bunga-bunga na,saya ingin pergi meminta bunga-bunganya
178.wav,maupe de' to na leppo ka oto,beruntung saya tidak tidabrak mobil
179.wav,tette' siaga biasa muoto'?,kamu biasanya bangun jam berapa
180.wav,"aja muacculei ero jarung e, ta'toddo kammai ko","jangan mainkan jarum itu, nanti kamu tertusuk"
181.wav,wacciang i anakku mattoloe',saya melarang anak saya merokok
182.wav,pura ka melli pitte,saya sudah membeli benang
183.wav,siddi mi anak na,anaknya hanya satu
184.wav,duwa i tu massilessureng,mereka dua bersaudara
185.wav,tellu lipa na duwa waju wabberang,tiga sarung dan dua baju yang ku berikan
186.wav,tette' eppa ni je pale e,ternyata sudah jam empat
187.wav,lima kilo tane'na ero berre' e,beras itu beratnya lima kilo
188.wav,enneng kilo golla uwelli akki pasae,saya membeli enam kilo gula dipasar
189.wav,pitu ni uleng mattappu'na,kandungannya sudah tujuh bulan
190.wav,uleng arua ka ujaji,saya lahir bulan delapan
191.wav,engkaini asera eppona,cucunya sudah ada sembilan
192.wav,maega ladde ni narekko seppulo lipa i elli,sudah banyak sekali jika kita membeli 10 sarung
193.wav,"aja mu abbeang ero belle' e, lebbi mualeng ka","jangan buang kaleng itu, lebih baik berikan saja ke saya"
194.wav,magi mu poji ladde ma belle,kenapa kamu sangat suka berbohong
195.wav,punnai ka maega sappiseng,saya memiliki banyak sepupu
196.wav,amure ku ero majjama akki ujung pandang,dia tante saya yang bekerja di makassar
197.wav,nappi lima taung anurena ratna,keponakan ratna baru berumur lima tahun
198.wav,mapaccing ladde bolana metuakku,rumah mertuaku sangat bersih
199.wav,magi na matoa i irita,kenapa dia terlihat sangat tua
200.wav,malolo ladde ko pale,ternyata kamu sangat muda
201.wav,pole jawa pa'balu na ero sandala'e,penjual sandal itu berasal dari jawa
202.wav,masempo mi ero lipa' e nasaba tania sabbe aseli/sabbe tongeng,sarung itu murah sekali karena bukan sutera asli
203.wav,"matekko' ladde ka, maeloka matindro","saya sangat capek, saya ingin tifur"
204.wav,engka ga garegge'mu,apakah kamu punya geregaji
205.wav,sapeda banna ipake jokka pasa e,sepeda saja yang kita gunakan ke pasa
206.wav,baru-baru i melli motoro,dia baru beli motor 
207.wav,de pi gaga oto ku,saya belum punya mobil
208.wav,"alena tuttu pake kipas, na mo wenni",dia selalu menggunakan kipas meskipun di malam hari
209.wav,u poji manre panni' manu,saya suka makan sayap ayam
210.wav,de na nulle luttu ero dongi-dongi e nasaba polo i panni na,burung itu sudah tidak bisa terbang karena sayapnya patah
211.wav,lettu na ki wajo,saya sudah sampai di wajo
212.wav,matanre ni ero po' jampu e,pohon jambu itu sudah tinggi
213.wav,maponco kasi sunge na,kasian umurnya pendek
214.wav,maloppo ni pale anak mu,anakmu ternyata sudah besar
215.wav,beccu mo pi ana'na,anaknya masih kecil
216.wav,masiga macca mabbicara anakku,anakku cepat pintar berbicara
217.wav,"cobanna engka tappere, akki banni saliweng tudang","seandainya ada tikar, kita duduk di luar saja"
218.wav,"tiwi ko appe, bara engka wedding i tudangi","kamu bawa alas, supaya ada yang bisa di duduki"
219.wav,moto' tengnga benni ka nataro bosi,saya bangun tengah malam karena hujan
220.wav,magguru ka ma'baca onnae akki sikola e,tadi saya belajar membaca di sekolah
221.wav,uleng siaga pi pale na botting,bulan berapa dia menikah
222.wav,tellung esso ni makencang ladde anging e,sudah tiga hari anginnya sangat kencang
223.wav,katulu-tulu ka runtu ulaweng,saya mimpi mendapat emas
224.wav,keonro ko melli kacamata mu,dimana kamu membeli kacamata mu
225.wav,maelo ka melli teddung,saya ingin membeli payung
226.wav,engka ga tau poji mandre ikko bale?,memangnya ada orang suka makan ekor ikan?
227.wav,benni' mi biasa upandrengeng manu'ku,biasanya saya memberi makan ayam saya dengan benih beras
228.wav,engka onnae wita tau celleng akki tellongeng ,tadi saya melihat ada orang yang mengintip di jendela
229.wav,engka camming loppo akki renring kamaraku,ada cermin besar di dinding kamarku
230.wav,tettong ni alliri bolana,tiang rumahnya sudah berdiri
231.wav,na poji neneku ma'bere dui na berre,nenekku suka memberi uang dan beras
232.wav,tarima banni narekko engka na berang,terima saja jika ada yang dia berikan
233.wav,engka ga pa'balu pepeng muisseng?,apakah ada penjual papan yang kamu tahu?
234.wav,"ujelling mi onnae, de' u ewai ada","tadi saya hanya meliriknya, saya tidak mengajaknya bicara"
235.wav,"anak lindru, tapi de'napada tappana","anak kembar, tapi wajahnya tidak sama"
236.wav,kacele nasedding nasaba de na jaji jokka,dia merasa kecewa karena tidak jadi pergi
237.wav,wedding ga u goncing iye kertasa e,bolehkah saya menggunting kertas ini
238.wav,taiseng ero bessi e nasaba pura ii ta demme akko wae e,besi itu berkarat karena sudah terendam dalam air
239.wav,peppe' banni narekko cia mangkalinga ada,pukul saja jika tidak mau mendengarkan
240.wav,"akkaritutu ko, aja mu lejja bunga-bunga ku","berhati-hatilah, jangan menginjak bunga-bungaku"
241.wav,"aja' mu tudangi angkalungung e, lettangeng amma ko","jangan menduduki bantal, nanti kamu bisul"
242.wav,"masemmeng ka, jaji de' ujokka nange","saya demam, jadi saya tidak pergi berenang"
243.wav,rede ni wai e,airnya sudah mendidih
244.wav,"mo cedde, assala ma barakka mu i","biar sedikit, asalkan itu berkah"
245.wav,ta'tunu i gare bolana fulan,katanya rumah fulan terbakar
246.wav,engka ga polopeng ku akkutu,apakah pulpen saya ada di situ
247.wav,maelo ni botting Rahul uleng pemeng,rahul sudah akan menikah bulan depan
248.wav,engka pong kau-kau ri mondri bolaku,ada pohon kapuk di belakang rumah ku
249.wav,akki ni kega melli sapatu?,dimana kita akan membeli sepatu?
250.wav,kanja na narekko kaddaro ipake,bagusnya jika memakai tempurung kelapa
251.wav,"lima manu lai' ku, pura maneng ubalu","lima ayam jantanku, sudah aku jual semua"
252.wav,podang ka narekko engka karung ibalu akki pasa e,beritahu aku jika ada karung yang dijual dipasar
253.wav,seddi na acculeng muellingeng anak mu,satu saja mainan yang kamu belikan untuk anak mu
254.wav,makemme coto na,cotonya hambar
255.wav,sope' cedde ero keretasa e,robek sedikit kertas itu
256.wav,maelo mua ko ga pake waju ku?,apakah kamu mau memakai bajuku
257.wav,keppang ka nasaba pura ka na mejja paku,saya pincang karena sudah menginjak paku
258.wav,de umanre ate manu,saya tidak makan hati ayam
259.wav,leppang ki campe melli sandala,kita singgah sebentar membeli sandal
260.wav,tudang banno sideppekku,duduk saja didekatku
261.wav,de' to ga mu matekko tettong?,apakah kamu tidak lelah berdiri?
262.wav,"narekko lari ko, matu na lellung ko tu asu","kalau kamu lari, nanti kamu dikejar anjing"
263.wav,matekko na maddongkong,saya sudah capek jongkok
264.wav,"tudang ma'sulengka mi tu, nasaba degaga kadera","kita duduk bersila, karena tidak ada kursi"
265.wav,egana na lesse ibalu ko pasa e,banyaknya langsat dijual di pasar
266.wav,matareng ladde baunna ero duriang e,bau durian itu sangat tajam
267.wav,manggisi' pole poso tu ero,itu adalah manggis dari Poso
268.wav,sammakku maelo tallua memmau i bau na bale rakko e,saya seperti ingin muntah mencium aroma ikan kering itu
269.wav,luppe'-luppe ero tuppang ,kodok itu lompat-lompat
270.wav,makkundrai anak paccucung na,anak bungsunya adalah perempuan
271.wav,oroane maneng anak na,akanya laki-laki semua
272.wav,cappu ni ga duro na iye kondro e,apakah kuah kondro ini sudah habis?
273.wav,mannia' ka mappuasa baja,saya berniat berpuasa besok
274.wav,"napoji na maccaming, sammanna to magaretta","sukanya bercermin, seperti dia ganteng saja"
275.wav,pura mua ga mu jakkai uwelua mu?,apakah kamu sudah menyisir rambutmu?
276.wav,wedding ga upake bedda'mu,bolehkah saya memakai bedak mu
277.wav,de' mu battingi ka marakka kadera,kamu tidak membantuku mengangkat kursi
278.wav,masoli ladde ero ulweng e,emas itu mahal sekali
279.wav,mate lampu i akki bolaku,dirumah ku sedang mati lampu
280.wav,tuo mo pi nene ku,nenekku masih hidup
281.wav,aga tu kareba ,apa kabar
282.wav,illau doangeng ka maega uruntu bale,doakan saya mendapat banyak ikan
283.wav,napoji ladde ma'balanca bene na,istrinya sangat suka belanja
284.wav,maccule meto i cilalena,dia bermain sendiri
285.wav,cia i nonno' pole otoe,dia tidak mau turun dari mobil
286.wav,menre'ni wae tasi'e,air laut sudah naik
287.wav,aja mu jokka mabela ladde,jangan pergi terlalu jauh
288.wav,"mapica wajukku nataro puse', maeloka sullei jolo","bajuku basah karena keringat, saya ingin menggantinya dulu"
289.wav,ma rakko ni ga care-care we,apakah jemurannya sudah kering
290.wav,maelo ka magguru,saya mau belajar
291.wav,minreng bawang no jolo akki iya,pinjam dulu saja di saya
292.wav,"pura na millau damoeng, tapi de' na bati-batika","saya sudah meminta maaf, tapi dia tidak menghiraukan saya"
293.wav,akki wi kamara na ma'baca bo',dia membaca buku dikamarnya
294.wav,ma'bolo bunga-bunga i emmakku,mamaku menyiram bunga-bunga
295.wav,dessa ga candring na,dia tidak punya pacar
296.wav,arung tu keluarga na rina,keluarganya nana adalah bangsawan
297.wav,de' na gaga tau ma pake osing makkakue,tidak ada lagi orang yang menggunakan arang saat ini
298.wav,ade' ogi mua ta napake akki botting na,adat bugis yang dia gunakan di pernikahannya
299.wav,maelo mapake waju ade' ko botting i,dia mau memakai baju adat dipernikahannya
300.wav,maelo ka jokka wajo baja,saya mau ke wajo besok
301.wav,engka kapang serratu' tau jokka ma nontong,mungkin ada seratus orang yang pergi menonton
302.wav,sisebbu mi elling na ero golla-golla e,permen itu harganya hanya seribu
303.wav,engka sibawangku matojo nennia cia marengkalinga ada,saya punya teman yang keras kepala dan tidak mau mendengar nasihat
304.wav,nakenna dawa sulara ku,celanaku terkena tinta
305.wav,mappada dato-dato e tappana ero ana e,wajah anak itu mirip boneka
306.wav,magi de mu maelo mancaji dottoro?,kenapa kamu tidak ingin menjadi dokter?
307.wav,na anre ule' kaliki ku,pepayaku dimakan ulat
308.wav,maeloka melli tapi cappu ni dui ku,saya mau beli tapi uang saya sudah habis
309.wav,engka ga ise' na ero panteng e?,apakah ember itu ada isinya?
310.wav,iya pa paru' ero kalukue,saya saja yang memarut kelapa itu
311.wav,engka ga kantong na ero waju e?,apakah baju itu ada kantongnya?
312.wav,maelo ka jolo padecengi bowongku,saya mau memperbaiki kerudungku dulu
313.wav,luttu' i ate' bola na nataro anging,atap rumahnya terbang karena angin
314.wav,mate' pale kaje ku nasaba de upake sandala,telapak kakiku gatal karena saya tidak memakai sandal
315.wav,pura ka ma'reddu isi akki dottoro,saya sudah mencabut gigi di dokter
316.wav,de' na sedding i leppe giwang na,dia tidak menyadari antingnya lepas
317.wav,magaretta sa narekko napakanjaki welua na,dia ganteng jika dia merapikan rambutnya
318.wav, makanja maneng modele na nennia de to na masoli ellina,"kamu beli sepatu di pasar saja, disana banyak. Semua modelnya bagus dan juga harganya tidak mahal"
319.wav,"de'napada wettuna baiccu, macanti'ni makkukkue","tidak seperti waktu dia kecil, sekarang dia sudah cantik"
320.wav,uddaniku akki idi pada bulu'e,rinduku pada mu seperti gunung
321.wav,akki wiring tasi bola na nureku,rumah keponakan ku di pinggir laut
322.wav,maega tau makkabbiang roppo akki salo e,banyak orang yang membuang sampah di sungai
323.wav,maega bale akkoro tappareng sideppe bolaku,banyak ikan di danau dekat rumahku
324.wav,aga na gau ku?,apa yang harus saya lakukan
325.wav,aga na polei na makkeddo iya beppa rakkoe di?,apa yang menyebabkan kue kering ini keras?
326.wav,gampang narekko maelo maneng tau we,mudah jika semua orang mau
327.wav,"marejjing tu jokka ki, nasaba lempe i","sulit jika kita pergi, karena banjir"
328.wav,degaga pa'balu songko' bone akki pasa siwa,tidak ada penjual songket bone di pasar siwa
329.wav,"iko cia, idi cia to","kamu tidak mau, kami juga tidak mau"
330.wav,masolang pao ku nanre panning,maggaku rusak dimakan kelelawar
331.wav,bunge' ka mita jana',saya baru pertama kali melihat burung hantu
332.wav,masolang ni bunduru ku,penyikat baju saya sudah rusak
333.wav,wallupai ni melli sabung onnae,tadi saya lupa beli sabun
334.wav,matinulu tu mappabbiring andrinna,adiknya rajin membereskan
335.wav,matinulu asmi ma'serring ko ele' i,asmi rajin menyapu di pagi hari
336.wav,egana sapi uwita akki mondri bola na,saya melihat banyak sapi di belakang rumahnya
337.wav,"de ujaji jokka bolana, nasaba malasa ka","saya tidak jadi pergi ke rumahnya, karena saya sakit"
338.wav,more-more ka nataro ese,saya batuk-batuk karena es
339.wav,siduppa ka novi akki laleng e,saya bertemu novi di jalan
340.wav,mappada alosi ri polo dua,seperti pinang dibelah dua
341.wav,"ma'dunu' ni daung na, nasaba pura ni ma bua",daunnya sudah berguguran karena sudah berbuah
342.wav,masse ni ga passio na?,apakah ikatannya sudah erat
343.wav,elli ko waju pake iye dui e,belilah baju menggunakan uang ini
344.wav,tennapodo ipenrengeng mo pi sunge' akki puang allah ta'ala,semoga kita masih dipinjamkan umur oleh Allah ta'ala
345.wav,"jaji ka jokka, nasaba madising na mua",saya jadi pergi karena saya sudah sehat
346.wav,"macakka sa akkie, ma ga to si akkutu?","disini cerah, bagaimana di situ?"
347.wav,riabbeang bawang ni ga iye pallullu e,apakah lap ini dibuang saja
348.wav,pake ko tawasa bara de mu mabbau,pakailah tawas agar kamu tidak bau
349.wav,aja nengka musalai sempajang e,jangan pernah meninggalkan salat
350.wav,tette ko ulellung mo lettu ri cappa' na lino,"kamu akan tetap saya kerjar, meskipun sampai di ujung dunia"
351.wav,aggurui pappaseng ploe to mato mu,pelajari pesan dari orang tuamu
352.wav,aja' mulesseri janci mu,jangan mengingkari janji mu
353.wav,maeloka jokka mabbura akki soppeng,saya ingin pergi berobat di soppeng
354.wav,tellu bola maruttung nataro anging ,tiga rumah rubuh akibat angin
355.wav,matase' ni jampu ero yolo bolaku,jambu yang di depan rumah ku sudah matang
356.wav,"sitinaja memeng isalai akki bene na, nasaba ero Ali napoji maboto","memang pantas istrinya meninggalkannya, karena ali suka berjudi"
357.wav,"upoji mita ero sabbe we, nasaba maega balo na",saya suka melihat sutera itu karena warnanya banyak
358.wav,"engka mua pakkaneang ku, tapi tello mi na bale","saya ada lauk, tapi hanya telur dan ikan"
359.wav,Ali asenna lakkainna Sitti,Ali nama suaminya Sitti
360.wav,tau sabbara tu bene na,istrinya adalah orang yang sabar
361.wav,engka na passelle na uruntu,sudah ada penggantinya saya dapat
362.wav,engka mo pa tello akki bola e,masih ada telur di rumah
363.wav,"maega ladde ni takke na, jaji uteppe i sisa'","tangkainya sudah sangat banyak, jadi saya memotongnya sebagian"
364.wav,makelle maneng taneng-taneng e na taro pella,layu semua tanaman dikarenakan panas
365.wav,aja mu jokka kibburu'e narekko cilalemu mi,Janngan pergi ke kuburan apabila kamu hanya sendiri
366.wav,uddaniku palesu ka,rasa rinduku yang memulangkanku
367.wav,samanna makanja ampe kedo na,seakan bagus perilakunya
368.wav,sengereng mu pada bulu,kenanganmu seperti gunung
369.wav,angkalinga i ada na tomatoa mu,dengarkan ucapan orang tuamu
370.wav,engka maneng i eppo ku,cucuku ada semua
371.wav,sammakku cakkaruddu nataro messo ,sepertinya saya mengantuk karena kenyang
372.wav,iya'mi na poji,hanya saya yang dia suka
373.wav,de' ucabbarang poji burane,saya tidak sembarang suka laki-laki
374.wav,tette'siaga na jokka otoe?,mobil berangkat jam berapa?
375.wav,idi na toto ku,kamulah takdirku
376.wav,macca ambo'ku mebbu lopi,bapakku pintar membuat perahu
377.wav,lisu maneng ni passompe e,semua para perantau sudah pulang
378.wav,masara ka nasaba de' upodang anrikku,saya merasa resah karena belum memberitahu adikku
379.wav,ri sulawesi mena mita galung temmaka loang,hanya di sulawesi saya melihat sawah begitu luas
380.wav,akki bawang na tengnga tudang,saya duduk ditengh saja
381.wav,tau ogi' ka iya,saya adalah orang bugis
382.wav,ri laleng na ri wiring ,di dalam dan di samping
383.wav,malunra nasu-nasu na indo'ku,masakan mama saya lezat
384.wav,"aja'sapa mu jokka, maloppo mo pi bombang e","jangan pergi dulu, ombaknya masih besar"
385.wav,engka muatu matu wettu mu pirasai ,nanti akan ada waktunya kamu merasakan
386.wav,temmaka buaja na manre,sangat rakus makan
387.wav,paggalung mi ambo'ku,ayah saya hanya petani sawah
388.wav,pa'dare kake' ku,kakek saya petani kebun
389.wav,makarowa pasa e nasaba macawe'ni malleppe',pasar ramai dikarenakan sudah dekay lebaran
390.wav,lisu pemeng akki kampong na untu ma'galung,dia pulang kembali ke kampungnya untuk bertani
391.wav,aga mu sappa akkutu?,apa yang kamu cari di situ
392.wav,ma'tunru-tunru ko magguru na massappa dalle,bersungguh-sungguhlah kamu dalam belajar dan mencari rejeki
393.wav,kurang i golla na pejje na,gula dan garamnya kurang
394.wav,tania palo ku ero,itu bukan topi saya
395.wav,maumpe' ladde ero bo' mubaca we,buku yang kamu baca tebal sekali
396.wav,manipi ladde ero kaing e,kain itu sangat tipis
397.wav,iko mi irennuang,hanya kamu yang diharapkan
398.wav,idi banna jokkai bola na,kita saja yang pergi ke rumahnya
399.wav,mabela ladde sikolana,sekolahnya jauh sekali
400.wav,manengka degaga jokka massikola,kenapa tidak ada yang pergi sekolah
401.wav,tette' dua pi to rewe',jam 2 baru kita pulang
402.wav,maega bua ibalu ko wiring laleng,banyak buah yang dijual di pinggir jalan
403.wav,sitengnga meni minumang ku,minuman saya sisa setengah
404.wav,maelo ko ga melli sapatu baru?,maukah kamu membeli sepatu baru?
405.wav,wallupai ni tappa na ,saya sudah lupa wajahnya
406.wav,mappada sandala ta,sandal kita sama
407.wav,engka meto tu tanranna akkoro,di situ ada tanya 
408.wav,siaga tau maelo jokka ma'meng?,berapa orang yang ingin pergi memancing?
409.wav,maga narekko i bage tellu banni,bagaimana jika dibagi tiga saja
410.wav,ettana akki dapo e ,lamanya di dapur
411.wav,degaga ga maelo makkutana?,apakah tidak ada yang bertanya?
412.wav,maelo ka lao sompe',saya ingin pergi merantau
413.wav,mitti' wae matakku nasaba wangerang maneng ko,jatuh air mataku karena mengingat kalian semua
414.wav,iya pi u wullei matinro narekko malalenh ni wennie,saya hanya bisa tidur saat larut malam
415.wav,sibawa ko niga jokka nange,sama siapa kamu pergi berenang
416.wav,salai banni bola mu ,tinggalkan saja rumahmu
417.wav,tuttu wangerang ko esso wenni,saya selalu mengingatmu siang malam
418.wav,maelo na jokka madduta,saya ingin pergi melamar
419.wav,sisapi tu kapang bo' ta,sepertinya buku kita tertukar
420.wav,wedding sa maccue narekko maelo i,bole saja dia ikut jika dia mau
421.wav,"perreng i, cedde meni","tahan, sedikit lagi"
422.wav,akki tega mu taro goncing bola e?,dimana kamu menyimpan/menaruh kunci rumah?
423.wav,"metta ladde ka mattajeng, nulle engka 2 jang","saya menunggu sangat lama, mungkin sekitar 2 jam"
424.wav,silampa mi mua keretasa uparellu,hanya selembar kertas saja yang kuperlukan
425.wav,maelo ka jolo messu mellil manu',saya mau keluar dulu beli ayam
426.wav,"matterru banno tama, engka mui tu akki kamara na","langsung masuk saja, dia ada di kamarnya"
427.wav,macca ladde ma'baca nureku,keponakan ku sangat pintar membaca
428.wav,agguru ko bara de' mu mancaji tau beleng,belajarlah agar kamu tidak menjadi orang bodoh
429.wav,matareng mua ga piso mu?,apakah pisau mu tajam?
430.wav,makunru ni piso ku,pisauku sudah tumpul
431.wav,masiga ladde ko jokka ,kamu pergi cepat sekali
432.wav,aja'-aja' na alena meto subbu i ,jangan-jangan dia sendiri yang menyembunyikannya
433.wav,iya mi na pau,dia hanya berkata iya
434.wav,de wullei mangkalinga iye elong e narekko cilaleku mi,saya tidak bisa mendengar lagu ini jika saya hanya sendiri
435.wav,"maelo ka mellingeng i penne, nasaba pura upareppa penne na","saya ingin membelikannya piring, karena saya sudah memecahkan piringnya"
436.wav,"taro ni cedde warang parang, assala detto ga inreng","biarkan saja harta sedikit, yang penting tidak ada utang"
437.wav,de' na biasa mabbissa penne,tidak terbiasa mencuci piring
438.wav,egana awu akki yawana mejang mu,banyaknya debu dibawah meja mu
439.wav,cedde' na sala tau ,hampir saja saya salah orang
440.wav,"campe', jokka ka melli kopi",sebentar saya pergi beli kopi
441.wav,campe' ma mattajeng,saya hanya menunggu sebentar
442.wav,aja maccule api akki laleng bola,jangan bermain api di dalam rumah
443.wav,masolang ni kapang ero komporo e,mungkin kompor itu sudah rusak
444.wav,engka mo pi ga minya'?,apakah masih ada minyak?
445.wav,nappi ka maelo cemme',saya baru ingin mandi
446.wav,de'to na mitau matinro cilale na ,dia tidak takut tidur sendiri
447.wav,jokkai marowali sappa jama-jamang,dia pergi ke marowali mencari pekerjaan
448.wav,ero engka e ukkirina upoji,saya suka yang ada ukirannya
449.wav,na poji marengkalinga elong ogi amureku,tante saya suka mendengar lagu bugis
450.wav,de'nengka u ewa i mabbicara,saya tidak pernah mengajaknya bicara
451.wav,pura ni wabbiang maneng pallullu ku,semua lap ku sudah kubuang
452.wav,maelo ka magguru makkibbu beppa ,saya ingin belajar membuat kue 
453.wav,seppung i bara masija i macekke,tiup agar secepat dingin
454.wav,"engka sa nanre, tapi nanre cekke mi","ada nasi, tapi hanya nasi dingin"
455.wav,dewisseng aga pallolongeng na nomoro siddi,saya tidak tau jawaban nomor satu
456.wav,sappa ko paddisengeng sinimmu malolo,carilah pengetahuan mumpung kamu muda
457.wav,maga narekko golo ku bawang na ipake,bagaimana jika bolaku saja yang di pakai
458.wav,paggolo tu ero sibawang ku,temanku itu adalah pemain bola
459.wav,de iya wissengi nange,saya tidak tahu berenang
460.wav,niga aseng ta?,siapa namamu?
461.wav,pura no ga millau dampeng ki to matoa mu?,apakah kamu sudah minta maaf ke orang tua mu
462.wav,aja muallupai jokka pasa e baja,jangan lupa pergi ke pasar besok
463.wav,sengadi bawang pi tu jokka,lusa saja kita pergi
464.wav,iwenni pole ka bone,kemarin saya dari bone
465.wav,agangare na cawa-cawa i,entah apa yang dia tertawakan
466.wav,takkajenni i Sifa nawa-nawa i dare na,sifa termenung memikirkan kebunnya
467.wav,"millai dampeng ka, narekko engka atassalangku",saya minta maaf jika saya ada kesalahan
468.wav,jaji ni ga tu beppamu,apakah kuemu sudah jadi
469.wav,ulu bale mi biasa nandre posa ku,biasanya kucing ku makan kepala ikan
470.wav,manyameng sa i onro i tudang iye kadera e,kursi ini nyaman ditempati duduk
471.wav,"mitau ka akki sappi e, nasaba pura ka na lellung sapi wettukku baiccu","saya takut dengan sapi, karena waktu kecil saya pernah dikejar sapi"
472.wav,mapai kopi ku nasaba de utambangeng i golla,kopiku pahit karena saya tidak menambahkan gula
473.wav,"tabbuka tange bola na, tapi de gaga tau",pintu rumahnya terbuka tapi tidak ada orang
474.wav,"de' uleppang bolamu, nasaba ta'tutu' wita tange mu",saya tidak singgah di rumah mu karena saya lihat pintunya tertutup
475.wav,naolli ko ga Winda jokka bolana,apakah winda memanggilmu kerumahnya
476.wav,pura ka melli oto baru,saya sudah membeli mobil baru 
477.wav,"mawari ni nadre we, nasaba yallupai pella i","nasinya sudah basi, karena kita lupa memanaskanya"
478.wav,de' wulle pajekko iye bessi e,saya tidak bisa membengkokkan besi ini
479.wav,mulle ga pallemmu iye bessi e?,apakah kamu bisa meluruskan besi ini
480.wav,esso aseneng pi to tama massikola,hari senin baru kita masuk sekolah
481.wav,esso salasa pi na pasa siwa,hari selasa baru pasar siwa
482.wav,wenni araba pi ukiringeng ko berre',nanti malam rabu saya mengirimkanmu beras
483.wav,maelo na lisu akko esso kammisi i,saya sudah mau pulang di hari kamis
484.wav,"magi de mujokka masempajang juma""",kenapa kamu tidak pergi solat jumat
485.wav,esso sattung na jaji andringkku,adikku lahir hari sabtu
486.wav,de u jokka masiikola akko esso ahad wi,saya tidak pergi ke sekolah jika hari minggu
487.wav,akki ma masiji e mondro tajengi pura na bosi e,saya hanya tinggal di masjid menunggu hujan selesai/reda
488.wav,ma'taung - taung na tajeng ko,sudah bertahun-tahun aku menunggumu
489.wav,baja pi narekko ele i tu jokka,besok saja kalau sudah pagi kita pergi
490.wav,engka ga palleddamu?,apakah kamu punya penghapus?
491.wav,"ma'panonno bandera ni tau e, nasaba purani upacara","orang-orang sudah menurunkan bendera, karena upacara sudah selesai"
492.wav,maelo ka mancaji polisi narekko maloppona,saya ingin menjadi polisi jika saya sudah besar/dewasa
493.wav,niga maelo golla-golla?,siapa yang mau permen?
494.wav,mulle mua ga tiwi i? matane ladde wita tase'mu,apakah kamu bisa membawanya? Kelihatannya tasmu sangat berat
495.wav,"aja na mu batting ka, maringeng sa iye aju e","kamu tidak usah membantuku, kayu ini ringan"
496.wav,mawatang tongeng je anakku,anakku benar-benar kuat
497.wav,mapettag bolae nasaba de na ipatuo lampue,rumahnya gelap karena kita tidak menyalakan lampu
498.wav,egana po'-pong akku mondri bolamu,banyak sekali pepohonan di belakang rumah mu
499.wav,macca ka ma gambara manu',saya pintar menggambar ayam
500.wav,aga na jello ero tauwe,apa yang ditunjuk orang itu
501.wav,"aja mu tuli ma'doja, malasa kammai ko","jangan selalu begadang, nanti kamu sakit"
502.wav,silaloku pura ma'telpong ,baru saja saya selesai menelpon
503.wav,"narekko maelo ko jokka, aja mu lejja wajo-wajo mu","ketika kamu ingin pergi, jangan kamu injak bayanganmu"
504.wav,malemma tu mattempa-tempa aga-aga itue,dia sering menendang barang-barang
505.wav,marukka ladde balibola ku akko wenni,tetanggaku sangat ribut dimalam hari
506.wav,"cakkaruddu na sedding, maelo na matidro iya'","saya sepertinya sudah mengantuk, saya mau tidur"
507.wav,abbeang ni roppo mu,buang sampahmu
508.wav,manengka cia ma'pije' iyewe,kenapa ini tidak mau menempel
509.wav,goso' jolo wajummu bara de'na majemmu,setrika sulu bajumu supaya tidak kusut
510.wav,akketenni masse'ko bara de mubuang,berpegangan eratlah agar kamu tidak jatuh
511.wav,lesu ka malleppe' ko kampong,saya pulang lebaran di kampung
512.wav,pura no ga makkamaja dui sikola?,apakah kamu sudah membayar uang sekolah?
513.wav,"narekko madeceng ki akki tau lainge, madeceng to tu tauwe akki idi","jika kita baik ke orang lain, baik juga orang lain ke kita"
514.wav,tennapodo tuttu sibawaki lettu akhera,semoga kita tetap bersama hingga akhirat
515.wav,cappu warang parang na nasaba nakkamajareng inreng,harta bendanya habis karena membayar utang
516.wav,de'na metta na sogi Winda,tidak lama lagi winda akan kaya
517.wav,manengka meja' ladde oki mu,kenapa jelek sekali tulisanmu
518.wav,ta' siaga lame-lame i nasu,berapa kentang yang dimasak?
519.wav,parellu ki tau maega,kita memerlukan banyak orang
520.wav,nappa aga na napigau,kemudian apa yang dia lakukan
521.wav,hadere ki matu akki acara tudang sipulung,nanti kamu hadir di acara kumpul-kumpul
522.wav,jokka i sompe massappa dalle,dia pergi merantau mencari rejeki
523.wav,na ala si panga sikola' na neneku,kokoa nenekku diambil pencuri lagi
524.wav,manengka mawia ko? Detto ga mu malasa?,kenapa kamu pucat? Kamu tidak sakit kan?
525.wav,aga bettuang na ero napau e,apa arti dari perkataannya
526.wav,"malasa i, boro maneng lale na","dia sakit, badannya bengkak semua"
527.wav,nappa ko udapmpengi narekko sujju'ko yoloku,kamu baru saya maafkan jika kamu sujud dihadapanku
528.wav,"naseng tau, maling i ","kata orang, dia gila"
529.wav,maeloka maccue ma'meng,saya ingin ikut memancing
530.wav,"narekko muangkalinga ni taue bang, tama no ko lalelng bolae","ketika kamu mendengar orang Adzan, masuklah kedalam rumah"
531.wav,tambangeng ka ese' akki minumang ku,tambahkan es diminuman saya
532.wav,dompeng ku banna mupake,pakai saja traktor ku
533.wav,macinnong wae na,airnya jerning
534.wav,magaru wae na ero salo e,air di sungai itu keruh
535.wav,"magaru wae na uwita, jaji de' u minung i","saya lihat airnya keruh, jadi saya tidak meminumnya"
536.wav,mate ta'konta' i la fulan,si fulan mati kesetrum
537.wav,mai tu jokka mangupu' ladang ko dare,mari kita pergi memetik cabai di kebun
538.wav,mape' na labeki iye jembatang e,saya sudah sering melewati jembatan ini
539.wav,"pajaini pake sapatumu, malusa ladde  ni irita","berhentilah memakai sepatumu, kelihatannya sudah lusuh sekali"
540.wav,usaha ko narekko maelo ko sogi,kamu usaha jika kamu ingin kaya
541.wav,ma'tapi berre indoku akki lego-lego bola e,mamaku menapis beras di teras rumah
542.wav,nulle de'pa na lettu jaya ki maros,mungkin jaya belum sampai di maros
543.wav,iya pa mappamula narekko de'gaga maelo,saya saja yang memulai jika tidak ada yang mau
544.wav,"Makkedai Sari, maelo i naseng jokka ma'bele' serri ","Sari bilang, dia mau pergi memangkas rumput"
545.wav,magi je mu tuttu majemerru,kenapa kamu selalu cemberut
546.wav,"engka tu jala-jalaku, pake mui narekko maelo ki","saya ada jaring, pakai saja jika kamu ingin"
547.wav,pinrengeng ka panapi mu akko engka,pinjamkan saya saringanmu jika ada
548.wav,manengka maega ladde sau-sau garangkang akki kamara mu,kenapa banyak sekali sarang laba-laba di kamarmu
549.wav,maega sau-sau garangkang nasaba maega to garangkang,banyak sarang laba-laba karena banyak juga laba-laba
550.wav,mompo ni colli' daung na,pucuk daunnya sudah muncul
551.wav,teddeng i sapi na bapakku,sapi bapakku hilang
552.wav,runtu' ka dui akki laleng e,saya mendapat uang di jalan
553.wav,mompo' ni uleng e,bulannya sudah muncul
554.wav,napasang ni lamming na balibolae,tetangga kita sudah memasang dekorasinya
555.wav,sammanna mapputara-putara mi akkie laleng e,sepertinya kita hanya berputar-putar dijalan ini
556.wav,manengka de'gaga ni pa'balu cani uruntu,kenapa sudah tidak ada lagi penjulal madu yang kutemukan
557.wav,alengka ero kaing kamummu'e,berikan saya kain ungu itu
558.wav,maloppo ladde ero nyarang e,kuda itu sangat besar
559.wav,maeloka melli masina baru,saya ingin membeli mesin baru
560.wav,mappada ale' e bendreng bola mu,seperti hutan disamping rumahmu
561.wav,masiri ka millau tulung,saya malu meminta tolong
562.wav,maeloki ga balu ero panasa ta?,apakah anda mau menjual nangka itu?
563.wav,sappa ka panreng lolo,saya mencari nanas muda
564.wav,masolang ni ero passero uwelli akki pasa,timba yang kubeli dipasar sudah rusak
565.wav,benya' lawo ku nasaba nakenna bosi,labu saya busuk karena terkena hujan
566.wav,messo ladde ka sedding,saya merasa sangat kenyang
567.wav,"aleng ka wai ese', madekka ladde ka","berikan saya air es, saya sangat haus"
568.wav,"malupu ka, tapi de' umaelo mandre","saya lapar, tapi tidak ingin makan"
569.wav,keondro ko melli bongko'?,dimana kamu beli udang?
570.wav,daung otti ipake madokko burasa,daun pisang digunakan membungkus burasa
571.wav,makanja saddang na syifa ,bagus suaranya syifa
572.wav,mu poji ga manrre paria?,apakah kamu suka makan pare?
573.wav,narekko maega mua tau jokka,apabila banyak orang yang pergi
574.wav,masolang maneng ni aga-aga e na taro lempe',rusak semua barang-barang karena banjir
575.wav,na toa' ka bere-bere,saya digigit semut
576.wav,"de' wangkalinga ko, maloppo ladde oni ero masina e","saya tidak mendengarmu, bunyi mesin itu keras sekali"
577.wav,masekke' ki anak na,pelit di anaknya 
578.wav,magaretta ko narekko mupake palo mu,kamu ganteng jika kamu memakai topimu
579.wav,melli ka songkok bone ri bone,saya membeli songkok bone di bone
580.wav,menre ni elli na bessi e,harga besi sudah naik
581.wav,"cau' na, de wulle i ","saya menyerah, saya tidak bisa"
582.wav,agatu akkatta ta jokka ki bolaku,apa tujuan anda datang di rumahku
583.wav,"sicecca i ipa' na, nataro warang parang",dia saling membenci dengan iparnya dikarenakan harta benda
584.wav,penno cero bolaku nataro lempe,rumahku penuh lumpur karena banjir
585.wav,sammanna engka kessi akki laleng na sapatuku,sepertinya ada pasir yang masuk di sepatuku
586.wav,"bilang ni jolo dui mu, genne' ga yarega kurang i ga?","hitung dulu uangmu, apakah sudah cukup atau kurang"
587.wav,buru'ni ero beppa nasaba  ta lejja',kue itu hancur karena terinjak
588.wav,aleng bawangni otti benya' ero dongi-dongi,berikan saja pisang busuk untuk burung-burung itu
589.wav,masoli elli na cengke we,harga cengkeh mahal
590.wav,macikke' ladde onrong na,tempatnya sangat sempit
591.wav,napoji ladde' la Jaya mandre bukkang,Jaya sangat suka sekali makan kepiting
592.wav,de' na manessa pakkitakku,pengelihatanku tidak jelas
593.wav,massau pappeneddingkku nasaba de'gaga ni inrengku',perasaanku lega karena saya sudah tidak punya utang lagi
594.wav,maeloka jokka mitai la beddu mebbu gasing,Saya ingin pergi melihat Beddu membuat gasing
595.wav,metu' to jokka maccule pasajang,ayo kita pergi bermain layang-layang
596.wav,genne' sa ero berre e,beras itu cukup
597.wav,mapeddi ajeku nasaba' pura na toddo' paku,kaki saya sakit karena sudah tertusuk paku
598.wav,manengka menga ladde jopang akkie,kenapa banyak sekali kecoa disini
599.wav,micai kamma ni punggawaku,nanti bosku marah
600.wav,ellingeng ka' ciloro ki pasa'e,belikan saya kelor di pasar
601.wav,pura ni usessa' waju mu,saya sudah mencuci bajumu
602.wav,deppa u pura massessa' waju,saya belum mencuci baju
603.wav,aja' mujokka cilalemu,jangan pergi sendirian
604.wav,makanja ladde' ero elong ogi'e,lagu bugis itu sangat bagus
605.wav,makanja mo pa ga ero bale we?,apakah ikan itu masih bagus?
606.wav,sammanna mawari ni ero nanre we,kelihatannya nasi itu sudah basi
607.wav,maeloka massempajang jolo,saya mau salat dulu
608.wav,campe' mi,hanya sebentar
609.wav,sapatu aga maelo mupake matu?,sepatu apa yang kamu pakai nanti?
610.wav,sesangeng ka bette bale,sisakan saya ikan goreng
611.wav,aja' muabbeang wajukku,jangan buang baju saya
612.wav,mai tu jokka melli waju,ayo kita pergi beli baju
613.wav,sope' ni wajukku,bajuku sudah robek
614.wav,wedding ga upinreng wajummu?,bolehkah saya meminjam bajumu?
615.wav,engka ga waju bolongmu?,apakah kamu punya baju hitam?
616.wav,waju aga upake baja?,besok saya pakai baju apa?
617.wav,ma'balu waju i Lia akki pasae,Lia menjual baju di pasar
618.wav,"makanja ladde' wajummu, keonro ko melli wi?","bajumu bagus sekali, dimana kamu membelinya?"
619.wav,magi na majemmeng ladde' wajummu?,kenapa bajumu sangat kotor?
620.wav,podang ka narekko maelo ko melli waju,beritahu saya jika kamu ingin membeli baju
621.wav,maeloka mebbu beppa,saya mau membuat kue 
622.wav,battikka mebbu' beppa,bantu saya membuat kue
623.wav,de'pa na jaji beppa ku,kue saya belum jadi
624.wav,cedde' meni beppa ku,kue saya sisa sedikit
625.wav,ala i iye beppa e,ambillah kue ini
626.wav,siaga egana beppa muebbu?,berapa banyak kue yang kamu buat?
627.wav,tello manu' yarega tello iti' napake iye beppae?,kue ini pakai telur ayam atau telur bebek?
628.wav,upoji manre beppa sibawa kopi,saya suka makan kue dengan kopi
629.wav,lebbi upoji beppa rakko e,saya lebih suka kue kering 
630.wav,de'upoji ladde beppa rica'e,saya tidak terlalu suka kue basah
631.wav,aja' musalaika cilaleku,jangan tinggalkan saya sendirian
632.wav,cilaleku mi akkie,saya hanya sendiri disini
633.wav,mappamula ni mappuasa baja,besok kita sudah mulai puasa
634.wav,de' u mappuasa iye essoe,saya tidak berpuasa hari ini
635.wav,magi na reppa' ero palese we,kenapa toples itu pecah
636.wav,macca ki ga ma'bilang?,apakah kamu pintar berhitung?
637.wav,makunru ni paru' kaluku ku,parut kelapa saya sudah tumpul
638.wav,tiwi ka duwa kaluku lolo,saya membawa dua kelapa muda
639.wav,minung iye wai kalukue,minumlah air kelapa ini
640.wav,matoa ni iye kalukue,kelapa ini sudah tua
641.wav,pura na melli kadera baru,saya sudah membeli kursi baru
642.wav,masolang ni kaderaku,kursi saya sudah rusak
643.wav,kereng-kereng ladde'ka akki Rima,saya sangat kesal dengan Rima
644.wav,jokka mellingeng ka pa'bura,pergi belikan saya obat 
645.wav,sappa ka pabbura peddi ulu,saya mencari obat sakit kepala
646.wav,duwang esso ni mapeddi ulukku,sudah dua hari kepala saya sakit
647.wav,ma'balu pa'bura peddi ulu ki ga?,apakah kamu menjual obat sakit kepala
648.wav,mapeddi' ulukku pikkiriki wi,kepala saya sakit memikirkannya
649.wav,madising na,saya sudah sehat 
650.wav,cappu'ni pa'bura peddi ulukku,obat sakit kepala saya sudah habis
651.wav,maelo ka jokka Sengkang baja,saya mau pergi ke Sengkang besok
652.wav,aga onnae napau?,tadi dia bilang apa?
653.wav,sanggara asenna iye we,ini namanya pisang goreng
654.wav,ma'kebbu sanggara ki?,kamu membuat pisang goreng?
655.wav,siaga egana bale maelo i bette?,berapa banyak ikan yang mau digoreng?
656.wav,degaga dui'na,dia tidak punya uang
657.wav,teddeng i bo' ku,buku saya hilang
658.wav,na sape' i bo' ku Rima,buku saya dirobek Rima
659.wav,keondro ko melli bo'?,dimana kamu beli buku?
660.wav,aja' muelli ero bo' e,jangan beli buku itu
661.wav,masoli ladde ellinna ero bo' e,harga buku itu sangat mahal
662.wav,maelo ka jokka ma'dare,saya ingin pergi berkebun
663.wav,maelo ka jokka akki galung e,saya ingin pergi ke sawah
664.wav,seppi wi sandala ku,sandal saya putus
665.wav,buang ka akki bendrang e,saya jatuh di selokan
666.wav,ma'waju onyi ki baja,besok kita memakai baju kuning
667.wav,wedding ga u coba ero beppa e?,bisakah saya mencoba kue itu?
668.wav,maeloka maccue jokka pasa'e,saya mau ikut ke pasar
669.wav,de' na wedding ko manre anre cenning,kamu tidak boleh makan makanan manis
670.wav,bekka duwa ni nagala lempe' bolaku,rumah saya sudah dua kali terkena banjir
671.wav,maeloka jokka mitai sappiseng ku,saya ingin pergi melihat sepupuku
672.wav,aja' mupoji micai,jangan suka marah-mara
673.wav,micai ka nasaba na ala i panga sandala ku,saya marah karena sandal saya dicuri
674.wav,pajaini kerra'e,berhentilah menangis
675.wav,paja na mebbu beppa,saya sudah berhenti membuat kue
676.wav,aja' muallupai tiwi sandala'ku,jangan lupa membawa sandal saya
677.wav,magi mu metta ladde akki pasae?,kenapa kamu lama sekali di pasar?
678.wav,magi mu tuttu bellei ka?,kenapa kamu selalu membohongi saya?
679.wav,parengerangi ka minung pa'bura,ingatkan saya untuk meminum obat
680.wav,wallupai minung pa'bura,saya lupa minum obat
681.wav,cilalemu mi?,kamu hanya sendiri?
682.wav,iya' pa jokka melli pa'bura,saya saja yang pergi beli obat
683.wav,magi mu takkajenne?,kenapa kamu termenung?
684.wav,aleng ka piso,berikan saya pisau
685.wav,aja mucappuri ero beppae,jangan habiskan kue itu
686.wav,engka golla na'bereang,ada gula yang dia berikan
687.wav,maega bere-bere na ero golla e,gula itu banyak semutnya
688.wav,aga mu nasu?,apa yang kamu masak?
689.wav,mannasu nanre ka,saya memasak nasi
690.wav,de'pa upura manre pammula iwenni',saya belum makan dari kemarin
691.wav,baja pi upammulai mattaneng ase,saya mulai menanam padi besok
692.wav,ta'siaga ni elli na sikola'e seddi kilo?,berapa harga beli kakao satu kilo?
693.wav,menre ni elli na gollae,harga gula sudah naik
694.wav,maeloka palette i kaderaku,saya ingin memindahkan kursi saya
695.wav,purani ga mu tutu' tange' kamara'mu?,apakah kamu sudah menutup pintu kamarmu?
696.wav,aga si ro maelo na ala?,apalagi yang ingin dia ambil?
697.wav,engka mui winda?,"winda, ada?"
698.wav,onna mo pa na lettu ka Bone,saya sudah sampai di Bone dari tadi
699.wav,engka ga bale mu balu?,apakah ada ikan yang kamu jual?
700.wav,duwa kaca ni kopi u minung,saya sudah minum dua gelas kopi
701.wav,de'gaga kapang tau akki bola na,mungkin tidak ada orang di rumahnya
702.wav,lari wi ero ananak e jokka bola na,anak-anak itu lari ke rumahnya
703.wav,magguru ka sibawa Rani,saya belajar bersama Rani
704.wav,maelo ka millau jampu ta,saya ingin meminta jambu kamu
705.wav,maelo ko maga ero jampu e?,kamu mau apakan jambu itu?
706.wav,macinna ka manre jampu,saya ingin makan jambu
707.wav,jampu na niga ero muellau?,jambu siapa yang kamu minta?
708.wav,ma'bua ni ga po' jampu mu?,apakah pohon jambumu sudah berbuah?
709.wav,de'gaga pi bua na po' jampu ku,pohon jambu saya belum ada buahnya
710.wav,mu poji ga manre jampu batu?,apakah kamu suka makan jambu biji? 
711.wav,esso-esso ka magguru,saya belajar tiap hari
712.wav,makuttu ka ma'baca bo',saya malas membaca buku
713.wav,de'pa na isseng i ma'baca,dia belum tahu membaca
714.wav,maeloka ma'guru ma'baca,saya mau belajar membaca
715.wav,maega jamang ku iye essoe,hari ini kerjaanku banyak
716.wav,dui'na anrikku ero,itu uang adikku
717.wav,teddeng i dui'na Wika akki laleng e,uang Wika hilang di jalan
718.wav,maelo mo pa manre sanggara,saya masih mau makan pisang goreng
719.wav,macca ka mebbu sanggara,saya pintar membuat pisang goreng
720.wav,maega ladde boka' na iye sanggara e,pisang goreng ini banyak sekali minyaknya
721.wav,akki na Soppeng marenre',saya sudah menetap di Soppeng
722.wav,akki no pega marenre' makkokkoe?,sekarang kamu menetap dimana?
723.wav,mallua ii wae bendrang e,air di selokan meluap
724.wav,engka ga tappere mu?,apakah kamu punya tikar?
725.wav,maelo ka minreng i tappere mu,saya ingin meminjam tikarmu
726.wav,wallupai bo'ku akki sikola e,saya lupa buku saya di sekolah
727.wav,maelo ka jokka mitai ase ku akki galung e,saya mau pergi melihat padi saya di sawah
728.wav,wallupai palisu tappere mu,saya lupa mengembalikan tikarmu
729.wav,leppe' ni inreng mu akki iya,utangmu ke saya sudah lunas
730.wav,maeloka melli manu'ta,saya ingin membeli ayam anda
731.wav,de'ubalu manu'ku,saya tidak menjual ayam saya
732.wav,magi ta cia balu manu'ta?,kenapa anda tidak ingin menjual ayam anda?
733.wav,de'ga ta maelo melli lipa'ku?,apakah anda tidak mau membeli sarung saya?
734.wav,de'gaga siri' na,tidak punya malu
735.wav,aja'mu masiri mala beppa,jangan malu mengambil kue
736.wav,taro ni jolo akki sideppe na kadera e,simpan saja dulu didekat kursi
737.wav,wallupai goncing tange'e,saya lupa mengunci pintu
738.wav,aja'na mu pikkiri wi,kamu tidak perlu memikirkannya
739.wav,podang memeng na aga mucinnai,beritahu saya apa yang kamu inginkan
740.wav,cia ka podang ko,saya tidak ingin memberi tahu kamu
741.wav,maelo ko ga panreng?,apakah kamu mau nanas?
742.wav,pagguru ka mattaneng ase,ajari saya menanam padi
743.wav,silaloku moto',saya baru saja bangun
744.wav,maelo ka jokka akki bola mu matu,saya mau pergi ke rumahmu nanti
745.wav,isuro ka mannasu kaju,saya disuruh memasak sayur
746.wav,baja pi melli ka kaju,besak saja saya beli sayur
747.wav,puang allahu ta'ala mani misseng i,hanya Tuhan yang tahu
748.wav,pura na si ita Ria,saya sudah bertemu Ria
749.wav,boro mo pi ga matakku?,apakah mataku masih bengkak?
750.wav,de'na nengka usiruntu,saya sudah tidak pernah ketemu
751.wav,wallupai aga onnae na pau Ria,saya lupa apa yang dikatakan Ria
752.wav,siruntu ka onnae akki pasa'e,tadi saya bertemu di pasar
753.wav,baja pi upalisungeng ko bo'mu,besok baru saya kembalikan bukumu
754.wav,maeloka messu melli kaju,saya mau keluar beli sayur
755.wav,mawia ko irita,kamu kelihatan pucat
756.wav,aja muallupai ka,jangan lupakan saya 
757.wav,nulle nallupai na,mungkin dia sudah melupakan saya
758.wav,maelo ka maccue jokka Sengkang,saya ingin ikut pergi ke Sengkang
759.wav,upoji mare bette bale,saya suka makan ikan goreng
760.wav,jokka mua ka tu narekko de'to na bosi,saya akan pergi jika tidak hujan
761.wav,ellieng ka jolo kaju,belikan dulu saya sayur
762.wav,aga mu elli akki pasa e?,apa yang kamu beli di pasar?
763.wav,jokka ko ga pasae onna?,apakah tadi kamu ke pasar?
764.wav,menre ni ellinna tello e,harga telur sudah naik
765.wav,maeloka mannasu tello,saya ingin memasak telur
766.wav,aro salo mondri bolaku,itu sungai dibelakang rumah ku
767.wav,salo ga ero mondri bolamu?,apakah yang dibelakang rumahmu itu sungai?
768.wav,de'pa nengka wakkutanang i,saya belum pernah menanyaknnya
769.wav,nakkutanang ko onna e Ria,tadi Ria menanyakanmu
770.wav,matenge'ka moto' onnae,tadi saya lambat bangun
771.wav,manengka matenge'ko lettu?,kenapa kamu lambat sampai?
772.wav,de'to wisseng i,saya juga tidak tau
773.wav,wangerang ni aga maelo wakkutanang,saya sudah ingat apa yang ingin saya tanyakan
774.wav,aga ero akki aje mu?,apa itu dikakimu?
775.wav,jokka no bissai aje mu,pergilah cuci kakimu
776.wav,maelo ka minrenng dui mu,saya ingin meminjam uangmu
777.wav,duwa esso na ma'benni akki bola na winda,sudah dua hari saya menginap di rumah winda
778.wav,maelo ka mebbureng i palla dare'ku,saya ingin membuat pagar untuk kebun saya
779.wav,addampengi ka nasaba de ujaji jokka bola mu,maafkan saya karena tidak jadi pergi ke rumahmu
780.wav,appanna mu maelo jokka Bone?,kapan kamu akan pergi ke Bone?
781.wav,aga na pau dottoro e?,apa yang dokter katakan?
782.wav,nacciang ka ambo'ku jokka mabela,ayahku melarangku pergi jauh
783.wav,parellu mo pa itambai golla iye kopi e,kopi ini masih perlu ditambahkan gula
784.wav,paja na majjama akkoro,saya sudah berhenti bekerja disana
785.wav,akki ni bolaku mannasu,kita memasak di rumahku saja
786.wav,battikka mallelle' pao,bantu saya mengupas mangga
787.wav,maelo iyaga ero pao e?,magga itu mau diapakan?
788.wav,majemmeng ladde bola na,rumanya sangat kotor
789.wav,ikona matoro ii,kamu saja yang atur
790.wav,matekko na makkedde',saya sudah lelah berdiri
791.wav,engka mopa ga sesa na beppamu?,apakah kuemu masih ada sisa?
792.wav,napajai ni massikola,dia sudah berhenti sekolah
793.wav,magi napajai wi massikola?,kenapa dia berhenti sekolah?
794.wav,napajai massikola nasaba maelo ipabotting,dia berhenti sekolah karena akan dinikahkan
795.wav,na aleng ka kaju na Ria,Ria memberikan saya sayurnya
796.wav,pitakka gare nasu-nasu mu,perlihatkan saya masakanmu
797.wav,aja na mugoso' wajummu,tidak usah menyetrika bajumu
798.wav,pura ni ga mu goso' wajukku?,apakah kamu sudah menyetrika bajuku?
799.wav,akki na kega tudang?,dimana saya duduk?
800.wav,labe tega na?,saya lewat mana?
801.wav,macenning ga iye pao e?,apakah mangga ini manis?
802.wav,de'na macenning iye pao e,mangga ini tidak manis
803.wav,de'ujaji jokka baja,besok saya tidak jadi pergi
804.wav,anre-anre tau riolo,makanan orang dulu
805.wav,riolo ka misseng i na idi,saya lebih tahu lebih dulu dibanding anda
806.wav,pura maneng wabbiang keretasa ku,saya sudah membuang semua kertas saya
807.wav,jolo upaccingi ero bale we,tunggu saya bersihkan ikan itu
808.wav,maega ladde roppo akkie,disini banyak sekali sampah
809.wav,malolo mo pa ero pao e,mangga itu masih muda
810.wav,matase' ni ga ero panreng e?,apakah nanas itu sudah matang?
811.wav,engka ga pabbura peddi isi mu?,apakah kamu punya obat sakit gigi?
812.wav,mapeddi si isikku,gigi saya sakit lagi
813.wav,ma'bonga-bonga ma,saya hanya bercanda
814.wav,maelo ka liu campe',saya ingin berbaring sebentar
815.wav,akkie bawang ni liu e,anda baring disini saja
816.wav,maelo i mala pakkanre manu',dia ingin pergi mengambil pakan ayam
817.wav,tajeng na akki bola na Wika,tunggu saya di rumah wika
818.wav,akki ka bola na wika tajeng ko,saya menunggumu di rumah wika
819.wav,akki na bola na wika,saya sudah di rumah wika
820.wav,sibawakka jokka melli boka',temani saya pergi beli minyak
821.wav,aga ero mu taneng?,apa itu yang kamu tanam?
822.wav,mattaneng bunga-bunga ka,saya menanam bunga-bunga
823.wav,pura ni ga mu bolo bunga ku?,apakah kamu sudah menyiram bungaku?
824.wav,engka na lima taung marenre' akki Sengkang,sudah ada lima tahun saya menetap di Sengkang
825.wav,malasa aga ko?,kamu sakit apa?
826.wav,de'na u maelo tepperi ko,saya sudah tidak mau memercayai kamu
827.wav,magi de' mu maelo tepperi ka?,kenapa kamu tidak mau memercayaiku?
828.wav,aja' mu tepperi fakhri,jangan memercayai fakhri
829.wav,na wajareng ka balanca ku,dia membayar belanja saya
830.wav,pura ni ga mu sessa' lipa'ku?,apakah kamu sudah mencuci sarung saya?
831.wav,siesso ka massessa',seharian saya mencuci
832.wav,de'na mapaccing bate na massessa',cara mencucinya tidak bersih
833.wav,maleppo' i bang oto na asmi,ban mobil asmi meletus
834.wav,de'pa upura massempajang subu,saya belum salat subuh
835.wav,magi de mu jokka bolae?,kenapa kamu tidak ke rumah?
836.wav,aga ero mu uki?,apa itu yang kamu tulis?
837.wav,ukireng ka aseng mu,tuliskan saya namamu
838.wav,de'upoji nasu-nasu na,saya tidak suka masakannya
839.wav,magi na masiga ladde ko maelo lisu?,kenapa kamu cepat sekali ingin pulang?
840.wav,na suro na nene ku lisu,nenekku sudah menyuruhku pulang
841.wav,macekke' usedding,saya merasa dingin
842.wav,engka piso akki sideppe'na ero panteng e,ada pisau didekat ember itu
843.wav,aga pi parellu utiwi?,apa lagi yang perlu saya bawa?
844.wav,bunga-bunga pole tenggara ero,itu bunga-bunga dari tenggara
845.wav,maga ni kareba na sappiseng mu?,bagaimana kabar sepupumu?
846.wav,jokka pega ko iwenni?,kemarin kamu dari mana?
847.wav,de'to pa u maelo matindro,saya belum mau tidur
848.wav,makanja parengerang na,ingatannya bagus
849.wav,appanna pi na paja manenna ero?,kapan dia akan berhenti bicara?
850.wav,utajengi penno na ero ba' e,saya menunggu bak itu penuh
851.wav,maelo ni itunu ero roppo e,sampah itu sudah mau di bakar
852.wav,de'wisseng akki pega na taro bengkung na,saya tidak tahu dimana dia menaruh cangkulnya
853.wav,maelo ka melli sapeda,saya mau membeli sepeda
854.wav,tiwireng ka potolo baja,besok bawakan saya pensil 
855.wav,maeloka molli i jokka bola ku,saya ingin memanggilnya ke rumah ku
856.wav,na olliko onnae rita,tadi rita memanggilmu
857.wav,magi de'muewai ada?,kenapa kamu tidak mengajaknya bicara?
858.wav,materri bosi onna ele' e,tadi pagi hujan deras
859.wav,i suro ka masserring ,saya disuruh menyapu 
860.wav,ma'jama ni anrikku,adik saya sudah bekerja
861.wav,maelo ka makkutana ,saya ingin bertanya
862.wav,de'ujaji makkutana,saya tidak jadi bertanya
863.wav,nacairi ka onnae guru ku,tadi saya dimarahi guruku
864.wav,naisseng maneng ni tau e,semua orang sudah tau
865.wav,maelo ko ga makkelong?,apakah kamu ingin menyanyi?
866.wav,masiri ka makkelong narekko maega tau,saya malu bernyanyi jika banyak orang
867.wav,magi na cia tuo iye komporo e?,kenapa kompor ini tidak mau menyala?
868.wav,masolang no ero komporo ,kompor itu sudah rusak
869.wav,maelo ka padecengi jolo komporoku,saya ingin memperbaiki kompor saya dulu
870.wav,teddeng i sandalaku akki pasa e,sandal saya hilang di pasar
871.wav,akki memeng kega mu taro sandala mu,memangnya kamu menyimpan sandalmu dimana?
872.wav,siaga lipa' muabberang?,berapa sarung yang kamu berikan?
873.wav,de'gaga na podang ka onnae ria,tadi ria tidak memberitahuku apa-apa
874.wav,de'na u madekka,saya sudah tidak haus
875.wav,de'pa uloreng ko lisu,saya belum mengizinkanmu pulang
876.wav,siaga engana dui mu tiwi?,berapa banyak uang yang kamu bawa?
877.wav,niga pagguru ko mebbu gasing?,siapa yang mengajarimu membuat gasing?
878.wav,kake'ku pagguru ka mebbu gasing,kakek saya yang menajari saya membuat gasing
879.wav,mu balu ga ero gasing mu?,apakah kamu menjual gasing mu?
880.wav,de'ubalu gasing ku,saya tidak menjual gasingku
881.wav,tellu mi gasing ku,gasing saya hanya tiga
882.wav,maelo ka mabberang gasing ku,saya ingin memberikan gasing ku
883.wav,de'sa u maelo mala gasing mu,saya tidak ingin mengambil gasing mu
884.wav,maelo ka taro gasing ku akki bola mu,saya ingin menaruh gasing saya di rumahmu
885.wav,de'tona gaga wallupai,sudah tidak ada yang saya lupa
886.wav,masiri ka makkutana,saya malu bertanya
887.wav,de'pa upahang i aga na pau,saya belum paham apa yang dia katakan
888.wav,de'wisseng aga maelo uroki,saya tidak tahu apa yang mau saya tulis
889.wav,ta'denne' i giwang ku,anting saya terjatuh
890.wav,de'usedding ta'denne' giwangku,saya tidak merasakan anting saya terjatuh
891.wav,akki ka Jambi melli iye giwangku,saya membeli anting ini di Jambi
892.wav,de'gaga tau wedding utanai,tidak ada orang yang bisa saya tanyai
893.wav,iya'pa sibawangi ko jokka melli ciccing,saya saja yang menemanimu pergi membeli cincin
894.wav,siaga ellinna ero ciccing e?,berapa harga cincin itu?
895.wav,engka tau maccueri ka,ada orang yang mengikuti saya
896.wav,maropo ni ero alliri e,tiang itu sudah rapuh
897.wav,niga sobbu wi bo'ku?,siapa yang menyembunyikan buku ku?
898.wav,maelo mo pa makkelong,saya masih ingin bernyanyi
899.wav,sio ero karung e,ikat karung itu
900.wav,pura ni ga musio ero karung e?,apakah kamu sudah mengikat karung itu?
901.wav,malappa bolana farul,rumah farul luas
902.wav,engka ula' akki mondri bola mu,ada ular dibelakang rumah mu
903.wav,maelo ka melliang ko beppa,saya ingin membelikanmu kue
904.wav,magi na cia mappije'iye keretasa e?,kenapa kertas ini tidak mau menempel?
905.wav,na pajai ni mattole,dia sudah berhenti merokok
906.wav,pagguru ka maggolo,ajari saya bermain bola
907.wav,niga maelo magguru maggolo?,siapa yang ingin belajar bermain bola
908.wav,anrikku maelo u pagguru maggolo,saya ingin mengajar adik saya bermain bola
909.wav,ma'balu burasa i ga fina?,apakah fina menjual burasa?
910.wav,engka pong pao yolo bolaku,terdapat pohon mangga didepan rumahku
911.wav,wallupai ma'bere selleng,saya lupa memberi salam
912.wav,sellengeng ka akki anrimmu,salamkan saya ke adikmu
913.wav,iya' pareppa ero penne we,saya yang memecahkan piring itu
914.wav,siaga yamaneng balancaku?,berapa total belanjaku?
915.wav,pura no ga paressa i akki dottoro e?,apakah kamu sudah memeriksanya ke dokter?
916.wav,maega gambara na ero bo'e,buku itu banyak gambarnya
917.wav,teddeng si palleddaku,penghapus saya hilang lagi
918.wav,niga malai paleddaku?,siapa yang mengambil penghapusku?
919.wav,cappu ni dawa'na polopeng ku,tinta pulpen saya sudah habis
920.wav,aga si maelo muelli?,apa lagi yang ingin kamu beli?
921.wav,wulle sa jokka cilaleku,saya bisa pergi sendiri
922.wav,de'to ga mu mitau jokka cilalemu?,apakah kamu tidak takut pergi sendirian?
923.wav,akka i ero sanggang e,angkat ember itu
924.wav,maega ladde bicara na,bicaranya banyak sekali
925.wav,matu pi upodang nene mu,nanti saya bertahu nenekmu
926.wav,maressa'ka ma nyawa,saya sulit bernafas
927.wav,maelo mua ka pinrengeng ko sulara ku,saya mau meminjamkanmu celanaku
928.wav,aga ise'na ero karung e?,apa isi karung itu?
929.wav,akka i gare lima mu,coba angkat tangan mu
930.wav,maelo ko tiwi ka jokka pega?,kamu mau membawa saya kemana?
931.wav,peganna bola na fulan?,yang mana rumah fulan?
932.wav,genne' mua ga ero berre e?,apakah beras itu cukup?
933.wav,masolang i gasing ku,gasing saya rusak
934.wav,niga solangi acculeng mu?,siapa yang merusak mainanmu?
935.wav,maega acculeng na ellingeng ka nene ku,nenekku membelikanku banyak mainan
936.wav,pole kega ko onnae?,tadi kamu dari mana?
937.wav,ma'bali bola ka sibawa asmi,saya bertetangga dengan asmi
938.wav,madising maneng mua ko ga?,apakah kalian semua baik-baik saja?
939.wav,pinrengeng ka penne mu,pinjamkan saya piringmu
940.wav,maelo ka mondro akki sengkang,saya ingin tinggal di Sengkang
941.wav,matekko na marruki,saya sudah capek menulis
942.wav,malampe ladde ero tulu'e,tali itu panjang sekali
943.wav,mateppe'ka makkeda de'pa na pura botting,saya percaya bahwa dia belum menikah
944.wav,upadecengi addengeng na bola ku,saya memperbaiki tangga rumahku
945.wav,de'na pikkiriki tomatoanna,dia tidak memikirkan orang tuanya
946.wav,manre ka manu akki bola na tasya,saya makan ayam di rumah tasya
947.wav,na batting ka ria marruki bo',ria membantu saya menulis buku
948.wav,ambo'ku melli panreng akki pasa'e,ayah saya membeli nanas di pasar
949.wav,tennapodo de' na bosi iye esso e,semoga hari ini tidak hujan
950.wav,maega jampu akki dare'ku,di kebunku banyak jambu
951.wav,macekke ni teng mu,tehmu sudah dingin
952.wav,makelle bunga-bungaku nasaba makurang wae na,bunga-bunga saya layu karena airnya kurang
953.wav,engka sure' nakkiringeng wika,ada surat yang dikirimkan wika
954.wav,de'pa ubaca sure'mu,saya belum membaca suratmu
955.wav,maeloka mebbu sure' tana,saya ingin membuat surat tanah
956.wav,muddani ka akki eppo ku,saya merindukan cucu saya
957.wav,engka ka akkoro ,saya ada disitu
958.wav,akkaritutu ki akki api we,berhati-hatilah dengan api
959.wav,sappa ka pammuttu kenni,saya menacari panci kecil
960.wav,wallupai malai ero pallullu'e,saya lupa mengambil lap itu
961.wav,lisu ka paemeng malai ero bo'ku,saya pulang kembali mengambil buku itu
962.wav,de'na umarenre' akki bone,saya sudah tidak menetap di bone
963.wav,maeloka lette sikola,saya mau pindah sekolah
964.wav,magi mu maelo lette sikola?,kenapa kamu ingin pindah sekolah?
965.wav,tau bone ero la fulan,fulan adalah orang bone
966.wav,seppulo taung ni umuru'ku,umur saya sudah sepuluh tahun
967.wav,umuru siaga na botting fulan?,umur berapa fulan menikah?
968.wav,lebbi mualeng ka dui,lebih baik kamu memberiku uang
969.wav,magi mu poji ladde manre bale?,kenapa kamu sangat suka makan ikan?
970.wav,nacciang ka dottoro e minung kopi,dokter melarang saya minum kopi
971.wav,mapeddi ulukku narekko pura ka manre bongko,kepala saya sakit apabila sudah makan udang
972.wav,masoli gare bongko'e,katanya udang mahal
973.wav,niga maelo jokka?,siapa yang ingin pergi?
974.wav,untu aga ero racung e?,racun itu untuk apa?
975.wav,sianna mu jokka melli racung?,sejak kapan kamu pergi membeli racun?
976.wav,ma'balu racung balawo ki ga?,apakah anda menjual racun tikus?
977.wav,maelo ka kiringeng i berre' untu anrimmu,saya ingin mengirimkan beras untuk adikmu
978.wav,niga maelo ma'bicara matu?,siapa yang nanti ingin berbicara?
979.wav,aga na bicara ero tauwe?,apa yang dibicarakan orang itu?
980.wav,de'na tama akkalenge ,tidak masuk akal
981.wav,bissai ni waju mu baja,cucilah bajumu besok
982.wav,niga ma'bissa penne onnae?,tadi siapa yang mencuci piring?
983.wav,iya'pa bissai penne ku,saya saja yang mencuci piring saya
984.wav,aja'na idi ma'bissa penne,anda tidak perlu mencuci piring
985.wav,"wika, jokka ko ma'bissa penne","wika, pergilah cuci piring"
986.wav,matu'pi u ma'bissa penne,nanti saja saya mencuci piring
987.wav,matekko' ka pura ma'bissa penne,saya lelah setelah mencuci piring
988.wav,maega ladde penne maelo ibissai,banyak sekali piring yang ingin dibersihkan
989.wav,pura ni ga mu serring kamara mu?,apakah kamu sudah menyapu kamarmu?
990.wav,maelo ka pabbiring kamaraku,saya ingin membersihkan kamarku
991.wav,makuttu ladde rima ma'pabiring,rima sangat malas membersihkan
992.wav,elli bawang no kasoro akkutu,kamu beli saja kasur disana
993.wav,maega barella na balibolaku,tetangga saya banyak jagungnya
994.wav,cappu'ni barelleku,jagung saya sudah habis
995.wav,mu ulle ga batting ka?,apakah kamu bisa membantu saya?
996.wav,maelo ka ibatting marakka aju,saya ingin dibantu mengangkat kayu
997.wav,aju aga asenna iye?,ini kayu apa namanya?
998.wav,aju jati asenna ero,itu namanya kayu jati
999.wav,engka ga oto wedding ipake mallureng?,apakah ada mobil yang bisa dipakai mengangkut?
1000.wav,maelo ko ga ero aju jati e?,kamu ingin kayu jati itu?
